step,loss_to
0,0.263488
1,0.260626
2,0.257880
3,0.255247
4,0.252723
5,0.250306
6,0.247990
7,0.245772
8,0.243647
9,0.241610
10,0.239659
11,0.237788
12,0.235994
13,0.234273
14,0.232619
15,0.231028
16,0.229495
17,0.228016
18,0.226584
19,0.225197
20,0.223850
21,0.222538
22,0.221259
23,0.220008
24,0.218784
25,0.217583
26,0.216404
27,0.215246
28,0.214106
29,0.212984
30,0.211879
31,0.210789
32,0.209714
33,0.208654
34,0.207607
35,0.206573
36,0.205552
37,0.204543
38,0.203546
39,0.202559
40,0.201583
41,0.200616
42,0.199659
43,0.198711
44,0.197771
45,0.196838
46,0.195913
47,0.194994
48,0.194081
49,0.193174
50,0.192272
51,0.191375
52,0.190482
53,0.189594
54,0.188710
55,0.187829
56,0.186952
57,0.186078
58,0.185207
59,0.184339
60,0.183474
61,0.182611
62,0.181751
63,0.180894
64,0.180039
65,0.179186
66,0.178336
67,0.177488
68,0.176642
69,0.175798
70,0.174957
71,0.174118
72,0.173282
73,0.172448
74,0.171617
75,0.170788
76,0.169963
77,0.169140
78,0.168320
79,0.167504
80,0.166691
81,0.165881
82,0.165075
83,0.164273
84,0.163474
85,0.162680
86,0.161889
87,0.161103
88,0.160322
89,0.159545
90,0.158773
91,0.158005
92,0.157243
93,0.156485
94,0.155733
95,0.154985
96,0.154244
97,0.153507
98,0.152776
99,0.152051
100,0.151332
101,0.150618
102,0.149910
103,0.149209
104,0.148513
105,0.147823
106,0.147139
107,0.146462
108,0.145791
109,0.145126
110,0.144467
111,0.143815
112,0.143169
113,0.142530
114,0.141897
115,0.141271
116,0.140651
117,0.140038
118,0.139431
119,0.138831
120,0.138238
121,0.137651
122,0.137071
123,0.136497
124,0.135930
125,0.135370
126,0.134816
127,0.134269
128,0.133728
129,0.133193
130,0.132666
131,0.132144
132,0.131629
133,0.131121
134,0.130619
135,0.130123
136,0.129633
137,0.129149
138,0.128672
139,0.128201
140,0.127736
141,0.127277
142,0.126823
143,0.126376
144,0.125935
145,0.125499
146,0.125069
147,0.124644
148,0.124226
149,0.123812
150,0.123404
151,0.123002
152,0.122604
153,0.122212
154,0.121825
155,0.121444
156,0.121067
157,0.120695
158,0.120328
159,0.119966
160,0.119608
161,0.119256
162,0.118908
163,0.118564
164,0.118225
165,0.117890
166,0.117559
167,0.117233
168,0.116911
169,0.116593
170,0.116279
171,0.115969
172,0.115663
173,0.115361
174,0.115063
175,0.114768
176,0.114477
177,0.114190
178,0.113906
179,0.113625
180,0.113349
181,0.113075
182,0.112805
183,0.112538
184,0.112274
185,0.112014
186,0.111756
187,0.111502
188,0.111251
189,0.111002
190,0.110757
191,0.110514
192,0.110274
193,0.110037
194,0.109803
195,0.109571
196,0.109342
197,0.109115
198,0.108891
199,0.108670
200,0.108451
201,0.108234
202,0.108020
203,0.107808
204,0.107598
205,0.107391
206,0.107186
207,0.106983
208,0.106782
209,0.106583
210,0.106387
211,0.106192
212,0.105999
213,0.105809
214,0.105620
215,0.105433
216,0.105248
217,0.105065
218,0.104884
219,0.104705
220,0.104527
221,0.104351
222,0.104177
223,0.104004
224,0.103834
225,0.103664
226,0.103497
227,0.103331
228,0.103166
229,0.103003
230,0.102842
231,0.102682
232,0.102523
233,0.102366
234,0.102211
235,0.102056
236,0.101903
237,0.101752
238,0.101602
239,0.101453
240,0.101305
241,0.101159
242,0.101014
243,0.100870
244,0.100728
245,0.100586
246,0.100446
247,0.100307
248,0.100169
249,0.100032
250,0.099897
251,0.099762
252,0.099629
253,0.099496
254,0.099365
255,0.099235
256,0.099105
257,0.098977
258,0.098850
259,0.098724
260,0.098598
261,0.098474
262,0.098351
263,0.098228
264,0.098107
265,0.097986
266,0.097866
267,0.097748
268,0.097630
269,0.097512
270,0.097396
271,0.097281
272,0.097166
273,0.097052
274,0.096939
275,0.096827
276,0.096716
277,0.096605
278,0.096495
279,0.096386
280,0.096278
281,0.096170
282,0.096063
283,0.095957
284,0.095851
285,0.095747
286,0.095643
287,0.095539
288,0.095436
289,0.095334
290,0.095233
291,0.095132
292,0.095032
293,0.094932
294,0.094834
295,0.094735
296,0.094638
297,0.094541
298,0.094444
299,0.094348
300,0.094253
301,0.094158
302,0.094064
303,0.093970
304,0.093877
305,0.093785
306,0.093693
307,0.093602
308,0.093511
309,0.093420
310,0.093331
311,0.093241
312,0.093152
313,0.093064
314,0.092976
315,0.092889
316,0.092802
317,0.092716
318,0.092630
319,0.092544
320,0.092459
321,0.092375
322,0.092291
323,0.092207
324,0.092124
325,0.092041
326,0.091959
327,0.091877
328,0.091795
329,0.091714
330,0.091634
331,0.091553
332,0.091474
333,0.091394
334,0.091315
335,0.091236
336,0.091158
337,0.091080
338,0.091003
339,0.090926
340,0.090849
341,0.090773
342,0.090697
343,0.090621
344,0.090546
345,0.090471
346,0.090396
347,0.090322
348,0.090248
349,0.090175
350,0.090101
351,0.090028
352,0.089956
353,0.089884
354,0.089812
355,0.089740
356,0.089669
357,0.089598
358,0.089527
359,0.089457
360,0.089387
361,0.089317
362,0.089248
363,0.089179
364,0.089110
365,0.089041
366,0.088973
367,0.088905
368,0.088838
369,0.088770
370,0.088703
371,0.088636
372,0.088570
373,0.088503
374,0.088437
375,0.088371
376,0.088306
377,0.088241
378,0.088176
379,0.088111
380,0.088046
381,0.087982
382,0.087918
383,0.087854
384,0.087791
385,0.087728
386,0.087665
387,0.087602
388,0.087539
389,0.087477
390,0.087415
391,0.087353
392,0.087291
393,0.087230
394,0.087169
395,0.087108
396,0.087047
397,0.086987
398,0.086926
399,0.086866
400,0.086806
401,0.086747
402,0.086687
403,0.086628
404,0.086569
405,0.086510
406,0.086451
407,0.086393
408,0.086335
409,0.086277
410,0.086219
411,0.086161
412,0.086104
413,0.086046
414,0.085989
415,0.085932
416,0.085876
417,0.085819
418,0.085763
419,0.085706
420,0.085650
421,0.085595
422,0.085539
423,0.085483
424,0.085428
425,0.085373
426,0.085318
427,0.085263
428,0.085209
429,0.085154
430,0.085100
431,0.085046
432,0.084992
433,0.084938
434,0.084884
435,0.084831
436,0.084778
437,0.084724
438,0.084671
439,0.084619
440,0.084566
441,0.084513
442,0.084461
443,0.084409
444,0.084356
445,0.084305
446,0.084253
447,0.084201
448,0.084150
449,0.084098
450,0.084047
451,0.083996
452,0.083945
453,0.083894
454,0.083843
455,0.083793
456,0.083742
457,0.083692
458,0.083642
459,0.083592
460,0.083542
461,0.083492
462,0.083443
463,0.083393
464,0.083344
465,0.083295
466,0.083246
467,0.083197
468,0.083148
469,0.083099
470,0.083050
471,0.083002
472,0.082953
473,0.082905
474,0.082857
475,0.082809
476,0.082761
477,0.082713
478,0.082666
479,0.082618
480,0.082571
481,0.082523
482,0.082476
483,0.082429
484,0.082382
485,0.082335
486,0.082289
487,0.082242
488,0.082195
489,0.082149
490,0.082103
491,0.082056
492,0.082010
493,0.081964
494,0.081918
495,0.081873
496,0.081827
497,0.081781
498,0.081736
499,0.081690
500,0.081645
501,0.081600
502,0.081555
503,0.081510
504,0.081465
505,0.081420
506,0.081375
507,0.081331
508,0.081286
509,0.081242
510,0.081198
511,0.081153
512,0.081109
513,0.081065
514,0.081021
515,0.080977
516,0.080933
517,0.080890
518,0.080846
519,0.080803
520,0.080759
521,0.080716
522,0.080673
523,0.080629
524,0.080586
525,0.080543
526,0.080501
527,0.080458
528,0.080415
529,0.080372
530,0.080330
531,0.080287
532,0.080245
533,0.080202
534,0.080160
535,0.080118
536,0.080076
537,0.080034
538,0.079992
539,0.079950
540,0.079908
541,0.079867
542,0.079825
543,0.079784
544,0.079742
545,0.079701
546,0.079659
547,0.079618
548,0.079577
549,0.079536
550,0.079495
551,0.079454
552,0.079413
553,0.079372
554,0.079332
555,0.079291
556,0.079250
557,0.079210
558,0.079169
559,0.079129
560,0.079089
561,0.079048
562,0.079008
563,0.078968
564,0.078928
565,0.078888
566,0.078848
567,0.078808
568,0.078769
569,0.078729
570,0.078689
571,0.078650
572,0.078610
573,0.078571
574,0.078531
575,0.078492
576,0.078453
577,0.078414
578,0.078375
579,0.078335
580,0.078296
581,0.078258
582,0.078219
583,0.078180
584,0.078141
585,0.078102
586,0.078064
587,0.078025
588,0.077987
589,0.077948
590,0.077910
591,0.077871
592,0.077833
593,0.077795
594,0.077757
595,0.077719
596,0.077681
597,0.077643
598,0.077605
599,0.077567
600,0.077529
601,0.077491
602,0.077454
603,0.077416
604,0.077378
605,0.077341
606,0.077303
607,0.077266
608,0.077228
609,0.077191
610,0.077154
611,0.077117
612,0.077079
613,0.077042
614,0.077005
615,0.076968
616,0.076931
617,0.076894
618,0.076857
619,0.076821
620,0.076784
621,0.076747
622,0.076710
623,0.076674
624,0.076637
625,0.076601
626,0.076564
627,0.076528
628,0.076491
629,0.076455
630,0.076419
631,0.076383
632,0.076347
633,0.076310
634,0.076274
635,0.076238
636,0.076202
637,0.076166
638,0.076130
639,0.076095
640,0.076059
641,0.076023
642,0.075987
643,0.075952
644,0.075916
645,0.075880
646,0.075845
647,0.075809
648,0.075774
649,0.075739
650,0.075703
651,0.075668
652,0.075633
653,0.075597
654,0.075562
655,0.075527
656,0.075492
657,0.075457
658,0.075422
659,0.075387
660,0.075352
661,0.075317
662,0.075282
663,0.075247
664,0.075213
665,0.075178
666,0.075143
667,0.075109
668,0.075074
669,0.075039
670,0.075005
671,0.074970
672,0.074936
673,0.074902
674,0.074867
675,0.074833
676,0.074799
677,0.074764
678,0.074730
679,0.074696
680,0.074662
681,0.074628
682,0.074594
683,0.074560
684,0.074526
685,0.074492
686,0.074458
687,0.074424
688,0.074390
689,0.074356
690,0.074323
691,0.074289
692,0.074255
693,0.074221
694,0.074188
695,0.074154
696,0.074121
697,0.074087
698,0.074054
699,0.074020
700,0.073987
701,0.073954
702,0.073920
703,0.073887
704,0.073854
705,0.073820
706,0.073787
707,0.073754
708,0.073721
709,0.073688
710,0.073655
711,0.073622
712,0.073589
713,0.073556
714,0.073523
715,0.073490
716,0.073457
717,0.073424
718,0.073392
719,0.073359
720,0.073326
721,0.073293
722,0.073261
723,0.073228
724,0.073195
725,0.073163
726,0.073130
727,0.073098
728,0.073065
729,0.073033
730,0.073000
731,0.072968
732,0.072936
733,0.072903
734,0.072871
735,0.072839
736,0.072807
737,0.072774
738,0.072742
739,0.072710
740,0.072678
741,0.072646
742,0.072614
743,0.072582
744,0.072550
745,0.072518
746,0.072486
747,0.072454
748,0.072422
749,0.072390
750,0.072359
751,0.072327
752,0.072295
753,0.072263
754,0.072232
755,0.072200
756,0.072168
757,0.072137
758,0.072105
759,0.072074
760,0.072042
761,0.072011
762,0.071979
763,0.071948
764,0.071916
765,0.071885
766,0.071853
767,0.071822
768,0.071791
769,0.071760
770,0.071728
771,0.071697
772,0.071666
773,0.071635
774,0.071604
775,0.071572
776,0.071541
777,0.071510
778,0.071479
779,0.071448
780,0.071417
781,0.071386
782,0.071355
783,0.071324
784,0.071293
785,0.071263
786,0.071232
787,0.071201
788,0.071170
789,0.071139
790,0.071109
791,0.071078
792,0.071047
793,0.071017
794,0.070986
795,0.070955
796,0.070925
797,0.070894
798,0.070864
799,0.070833
800,0.070803
801,0.070772
802,0.070742
803,0.070711
804,0.070681
805,0.070650
806,0.070620
807,0.070590
808,0.070559
809,0.070529
810,0.070499
811,0.070469
812,0.070439
813,0.070408
814,0.070378
815,0.070348
816,0.070318
817,0.070288
818,0.070258
819,0.070228
820,0.070198
821,0.070168
822,0.070138
823,0.070108
824,0.070078
825,0.070048
826,0.070018
827,0.069988
828,0.069958
829,0.069928
830,0.069899
831,0.069869
832,0.069839
833,0.069809
834,0.069780
835,0.069750
836,0.069720
837,0.069691
838,0.069661
839,0.069631
840,0.069602
841,0.069572
842,0.069543
843,0.069513
844,0.069484
845,0.069454
846,0.069425
847,0.069395
848,0.069366
849,0.069336
850,0.069307
851,0.069278
852,0.069248
853,0.069219
854,0.069190
855,0.069160
856,0.069131
857,0.069102
858,0.069073
859,0.069044
860,0.069014
861,0.068985
862,0.068956
863,0.068927
864,0.068898
865,0.068869
866,0.068840
867,0.068811
868,0.068782
869,0.068753
870,0.068724
871,0.068695
872,0.068666
873,0.068637
874,0.068608
875,0.068579
876,0.068550
877,0.068521
878,0.068493
879,0.068464
880,0.068435
881,0.068406
882,0.068377
883,0.068349
884,0.068320
885,0.068291
886,0.068263
887,0.068234
888,0.068205
889,0.068177
890,0.068148
891,0.068120
892,0.068091
893,0.068062
894,0.068034
895,0.068005
896,0.067977
897,0.067948
898,0.067920
899,0.067892
900,0.067863
901,0.067835
902,0.067806
903,0.067778
904,0.067750
905,0.067721
906,0.067693
907,0.067665
908,0.067636
909,0.067608
910,0.067580
911,0.067552
912,0.067523
913,0.067495
914,0.067467
915,0.067439
916,0.067411
917,0.067383
918,0.067355
919,0.067326
920,0.067298
921,0.067270
922,0.067242
923,0.067214
924,0.067186
925,0.067158
926,0.067130
927,0.067102
928,0.067074
929,0.067046
930,0.067019
931,0.066991
932,0.066963
933,0.066935
934,0.066907
935,0.066879
936,0.066851
937,0.066824
938,0.066796
939,0.066768
940,0.066740
941,0.066713
942,0.066685
943,0.066657
944,0.066630
945,0.066602
946,0.066574
947,0.066547
948,0.066519
949,0.066491
950,0.066464
951,0.066436
952,0.066409
953,0.066381
954,0.066354
955,0.066326
956,0.066299
957,0.066271
958,0.066244
959,0.066216
960,0.066189
961,0.066161
962,0.066134
963,0.066107
964,0.066079
965,0.066052
966,0.066025
967,0.065997
968,0.065970
969,0.065943
970,0.065915
971,0.065888
972,0.065861
973,0.065834
974,0.065806
975,0.065779
976,0.065752
977,0.065725
978,0.065698
979,0.065670
980,0.065643
981,0.065616
982,0.065589
983,0.065562
984,0.065535
985,0.065508
986,0.065481
987,0.065454
988,0.065427
989,0.065400
990,0.065373
991,0.065346
992,0.065319
993,0.065292
994,0.065265
995,0.065238
996,0.065211
997,0.065184
998,0.065157
999,0.065131
1000,0.065104
1001,0.065077
1002,0.065050
1003,0.065023
1004,0.064996
1005,0.064970
1006,0.064943
1007,0.064916
1008,0.064889
1009,0.064863
1010,0.064836
1011,0.064809
1012,0.064783
1013,0.064756
1014,0.064729
1015,0.064703
1016,0.064676
1017,0.064649
1018,0.064623
1019,0.064596
1020,0.064570
1021,0.064543
1022,0.064517
1023,0.064490
1024,0.064464
1025,0.064437
1026,0.064411
1027,0.064384
1028,0.064358
1029,0.064331
1030,0.064305
1031,0.064278
1032,0.064252
1033,0.064225
1034,0.064199
1035,0.064173
1036,0.064146
1037,0.064120
1038,0.064094
1039,0.064067
1040,0.064041
1041,0.064015
1042,0.063988
1043,0.063962
1044,0.063936
1045,0.063910
1046,0.063883
1047,0.063857
1048,0.063831
1049,0.063805
1050,0.063779
1051,0.063752
1052,0.063726
1053,0.063700
1054,0.063674
1055,0.063648
1056,0.063622
1057,0.063596
1058,0.063570
1059,0.063543
1060,0.063517
1061,0.063491
1062,0.063465
1063,0.063439
1064,0.063413
1065,0.063387
1066,0.063361
1067,0.063335
1068,0.063309
1069,0.063283
1070,0.063257
1071,0.063232
1072,0.063206
1073,0.063180
1074,0.063154
1075,0.063128
1076,0.063102
1077,0.063076
1078,0.063050
1079,0.063025
1080,0.062999
1081,0.062973
1082,0.062947
1083,0.062921
1084,0.062896
1085,0.062870
1086,0.062844
1087,0.062818
1088,0.062793
1089,0.062767
1090,0.062741
1091,0.062715
1092,0.062690
1093,0.062664
1094,0.062638
1095,0.062613
1096,0.062587
1097,0.062562
1098,0.062536
1099,0.062510
1100,0.062485
1101,0.062459
1102,0.062434
1103,0.062408
1104,0.062383
1105,0.062357
1106,0.062331
1107,0.062306
1108,0.062280
1109,0.062255
1110,0.062230
1111,0.062204
1112,0.062179
1113,0.062153
1114,0.062128
1115,0.062102
1116,0.062077
1117,0.062051
1118,0.062026
1119,0.062001
1120,0.061975
1121,0.061950
1122,0.061925
1123,0.061899
1124,0.061874
1125,0.061849
1126,0.061823
1127,0.061798
1128,0.061773
1129,0.061748
1130,0.061722
1131,0.061697
1132,0.061672
1133,0.061647
1134,0.061621
1135,0.061596
1136,0.061571
1137,0.061546
1138,0.061521
1139,0.061496
1140,0.061470
1141,0.061445
1142,0.061420
1143,0.061395
1144,0.061370
1145,0.061345
1146,0.061320
1147,0.061295
1148,0.061270
1149,0.061245
1150,0.061219
1151,0.061194
1152,0.061169
1153,0.061144
1154,0.061119
1155,0.061094
1156,0.061069
1157,0.061044
1158,0.061020
1159,0.060995
1160,0.060970
1161,0.060945
1162,0.060920
1163,0.060895
1164,0.060870
1165,0.060845
1166,0.060820
1167,0.060795
1168,0.060771
1169,0.060746
1170,0.060721
1171,0.060696
1172,0.060671
1173,0.060646
1174,0.060622
1175,0.060597
1176,0.060572
1177,0.060547
1178,0.060523
1179,0.060498
1180,0.060473
1181,0.060448
1182,0.060424
1183,0.060399
1184,0.060374
1185,0.060349
1186,0.060325
1187,0.060300
1188,0.060275
1189,0.060251
1190,0.060226
1191,0.060202
1192,0.060177
1193,0.060152
1194,0.060128
1195,0.060103
1196,0.060079
1197,0.060054
1198,0.060029
1199,0.060005
1200,0.059980
1201,0.059956
1202,0.059931
1203,0.059907
1204,0.059882
1205,0.059858
1206,0.059833
1207,0.059809
1208,0.059784
1209,0.059760
1210,0.059736
1211,0.059711
1212,0.059687
1213,0.059662
1214,0.059638
1215,0.059613
1216,0.059589
1217,0.059565
1218,0.059540
1219,0.059516
1220,0.059492
1221,0.059467
1222,0.059443
1223,0.059419
1224,0.059394
1225,0.059370
1226,0.059346
1227,0.059321
1228,0.059297
1229,0.059273
1230,0.059249
1231,0.059224
1232,0.059200
1233,0.059176
1234,0.059152
1235,0.059128
1236,0.059103
1237,0.059079
1238,0.059055
1239,0.059031
1240,0.059007
1241,0.058983
1242,0.058958
1243,0.058934
1244,0.058910
1245,0.058886
1246,0.058862
1247,0.058838
1248,0.058814
1249,0.058790
1250,0.058766
1251,0.058742
1252,0.058717
1253,0.058693
1254,0.058669
1255,0.058645
1256,0.058621
1257,0.058597
1258,0.058573
1259,0.058549
1260,0.058525
1261,0.058501
1262,0.058477
1263,0.058453
1264,0.058430
1265,0.058406
1266,0.058382
1267,0.058358
1268,0.058334
1269,0.058310
1270,0.058286
1271,0.058262
1272,0.058238
1273,0.058214
1274,0.058191
1275,0.058167
1276,0.058143
1277,0.058119
1278,0.058095
1279,0.058071
1280,0.058048
1281,0.058024
1282,0.058000
1283,0.057976
1284,0.057953
1285,0.057929
1286,0.057905
1287,0.057881
1288,0.057858
1289,0.057834
1290,0.057810
1291,0.057786
1292,0.057763
1293,0.057739
1294,0.057715
1295,0.057692
1296,0.057668
1297,0.057644
1298,0.057621
1299,0.057597
1300,0.057573
1301,0.057550
1302,0.057526
1303,0.057503
1304,0.057479
1305,0.057455
1306,0.057432
1307,0.057408
1308,0.057385
1309,0.057361
1310,0.057338
1311,0.057314
1312,0.057290
1313,0.057267
1314,0.057243
1315,0.057220
1316,0.057196
1317,0.057173
1318,0.057149
1319,0.057126
1320,0.057103
1321,0.057079
1322,0.057056
1323,0.057032
1324,0.057009
1325,0.056985
1326,0.056962
1327,0.056939
1328,0.056915
1329,0.056892
1330,0.056868
1331,0.056845
1332,0.056822
1333,0.056798
1334,0.056775
1335,0.056752
1336,0.056728
1337,0.056705
1338,0.056682
1339,0.056658
1340,0.056635
1341,0.056612
1342,0.056588
1343,0.056565
1344,0.056542
1345,0.056519
1346,0.056495
1347,0.056472
1348,0.056449
1349,0.056426
1350,0.056402
1351,0.056379
1352,0.056356
1353,0.056333
1354,0.056310
1355,0.056286
1356,0.056263
1357,0.056240
1358,0.056217
1359,0.056194
1360,0.056171
1361,0.056148
1362,0.056124
1363,0.056101
1364,0.056078
1365,0.056055
1366,0.056032
1367,0.056009
1368,0.055986
1369,0.055963
1370,0.055940
1371,0.055917
1372,0.055894
1373,0.055871
1374,0.055848
1375,0.055825
1376,0.055802
1377,0.055779
1378,0.055756
1379,0.055733
1380,0.055710
1381,0.055687
1382,0.055664
1383,0.055641
1384,0.055618
1385,0.055595
1386,0.055572
1387,0.055549
1388,0.055526
1389,0.055503
1390,0.055480
1391,0.055457
1392,0.055434
1393,0.055412
1394,0.055389
1395,0.055366
1396,0.055343
1397,0.055320
1398,0.055297
1399,0.055274
1400,0.055252
1401,0.055229
1402,0.055206
1403,0.055183
1404,0.055160
1405,0.055138
1406,0.055115
1407,0.055092
1408,0.055069
1409,0.055047
1410,0.055024
1411,0.055001
1412,0.054978
1413,0.054956
1414,0.054933
1415,0.054910
1416,0.054887
1417,0.054865
1418,0.054842
1419,0.054819
1420,0.054797
1421,0.054774
1422,0.054751
1423,0.054729
1424,0.054706
1425,0.054683
1426,0.054661
1427,0.054638
1428,0.054616
1429,0.054593
1430,0.054570
1431,0.054548
1432,0.054525
1433,0.054503
1434,0.054480
1435,0.054458
1436,0.054435
1437,0.054412
1438,0.054390
1439,0.054367
1440,0.054345
1441,0.054322
1442,0.054300
1443,0.054277
1444,0.054255
1445,0.054232
1446,0.054210
1447,0.054187
1448,0.054165
1449,0.054142
1450,0.054120
1451,0.054097
1452,0.054075
1453,0.054053
1454,0.054030
1455,0.054008
1456,0.053985
1457,0.053963
1458,0.053941
1459,0.053918
1460,0.053896
1461,0.053873
1462,0.053851
1463,0.053829
1464,0.053806
1465,0.053784
1466,0.053762
1467,0.053739
1468,0.053717
1469,0.053695
1470,0.053672
1471,0.053650
1472,0.053628
1473,0.053606
1474,0.053583
1475,0.053561
1476,0.053539
1477,0.053516
1478,0.053494
1479,0.053472
1480,0.053450
1481,0.053428
1482,0.053405
1483,0.053383
1484,0.053361
1485,0.053339
1486,0.053316
1487,0.053294
1488,0.053272
1489,0.053250
1490,0.053228
1491,0.053206
1492,0.053183
1493,0.053161
1494,0.053139
1495,0.053117
1496,0.053095
1497,0.053073
1498,0.053051
1499,0.053029
1500,0.053007
1501,0.052984
1502,0.052962
1503,0.052940
1504,0.052918
1505,0.052896
1506,0.052874
1507,0.052852
1508,0.052830
1509,0.052808
1510,0.052786
1511,0.052764
1512,0.052742
1513,0.052720
1514,0.052698
1515,0.052676
1516,0.052654
1517,0.052632
1518,0.052610
1519,0.052588
1520,0.052566
1521,0.052544
1522,0.052522
1523,0.052500
1524,0.052478
1525,0.052456
1526,0.052434
1527,0.052413
1528,0.052391
1529,0.052369
1530,0.052347
1531,0.052325
1532,0.052303
1533,0.052281
1534,0.052259
1535,0.052238
1536,0.052216
1537,0.052194
1538,0.052172
1539,0.052150
1540,0.052128
1541,0.052107
1542,0.052085
1543,0.052063
1544,0.052041
1545,0.052019
1546,0.051998
1547,0.051976
1548,0.051954
1549,0.051932
1550,0.051911
1551,0.051889
1552,0.051867
1553,0.051845
1554,0.051824
1555,0.051802
1556,0.051780
1557,0.051758
1558,0.051737
1559,0.051715
1560,0.051693
1561,0.051672
1562,0.051650
1563,0.051628
1564,0.051607
1565,0.051585
1566,0.051563
1567,0.051542
1568,0.051520
1569,0.051499
1570,0.051477
1571,0.051455
1572,0.051434
1573,0.051412
1574,0.051390
1575,0.051369
1576,0.051347
1577,0.051326
1578,0.051304
1579,0.051283
1580,0.051261
1581,0.051240
1582,0.051218
1583,0.051196
1584,0.051175
1585,0.051153
1586,0.051132
1587,0.051110
1588,0.051089
1589,0.051067
1590,0.051046
1591,0.051024
1592,0.051003
1593,0.050981
1594,0.050960
1595,0.050939
1596,0.050917
1597,0.050896
1598,0.050874
1599,0.050853
1600,0.050831
1601,0.050810
1602,0.050789
1603,0.050767
1604,0.050746
1605,0.050724
1606,0.050703
1607,0.050682
1608,0.050660
1609,0.050639
1610,0.050617
1611,0.050596
1612,0.050575
1613,0.050553
1614,0.050532
1615,0.050511
1616,0.050489
1617,0.050468
1618,0.050447
1619,0.050426
1620,0.050404
1621,0.050383
1622,0.050362
1623,0.050340
1624,0.050319
1625,0.050298
1626,0.050277
1627,0.050255
1628,0.050234
1629,0.050213
1630,0.050192
1631,0.050170
1632,0.050149
1633,0.050128
1634,0.050107
1635,0.050086
1636,0.050064
1637,0.050043
1638,0.050022
1639,0.050001
1640,0.049980
1641,0.049959
1642,0.049937
1643,0.049916
1644,0.049895
1645,0.049874
1646,0.049853
1647,0.049832
1648,0.049811
1649,0.049789
1650,0.049768
1651,0.049747
1652,0.049726
1653,0.049705
1654,0.049684
1655,0.049663
1656,0.049642
1657,0.049621
1658,0.049600
1659,0.049579
1660,0.049558
1661,0.049537
1662,0.049516
1663,0.049495
1664,0.049474
1665,0.049453
1666,0.049432
1667,0.049411
1668,0.049390
1669,0.049369
1670,0.049348
1671,0.049327
1672,0.049306
1673,0.049285
1674,0.049264
1675,0.049243
1676,0.049222
1677,0.049201
1678,0.049180
1679,0.049159
1680,0.049138
1681,0.049117
1682,0.049096
1683,0.049075
1684,0.049054
1685,0.049034
1686,0.049013
1687,0.048992
1688,0.048971
1689,0.048950
1690,0.048929
1691,0.048908
1692,0.048887
1693,0.048867
1694,0.048846
1695,0.048825
1696,0.048804
1697,0.048783
1698,0.048763
1699,0.048742
1700,0.048721
1701,0.048700
1702,0.048679
1703,0.048659
1704,0.048638
1705,0.048617
1706,0.048596
1707,0.048575
1708,0.048555
1709,0.048534
1710,0.048513
1711,0.048493
1712,0.048472
1713,0.048451
1714,0.048430
1715,0.048410
1716,0.048389
1717,0.048368
1718,0.048348
1719,0.048327
1720,0.048306
1721,0.048286
1722,0.048265
1723,0.048244
1724,0.048224
1725,0.048203
1726,0.048182
1727,0.048162
1728,0.048141
1729,0.048120
1730,0.048100
1731,0.048079
1732,0.048058
1733,0.048038
1734,0.048017
1735,0.047997
1736,0.047976
1737,0.047956
1738,0.047935
1739,0.047914
1740,0.047894
1741,0.047873
1742,0.047853
1743,0.047832
1744,0.047812
1745,0.047791
1746,0.047771
1747,0.047750
1748,0.047730
1749,0.047709
1750,0.047689
1751,0.047668
1752,0.047648
1753,0.047627
1754,0.047607
1755,0.047586
1756,0.047566
1757,0.047545
1758,0.047525
1759,0.047504
1760,0.047484
1761,0.047463
1762,0.047443
1763,0.047423
1764,0.047402
1765,0.047382
1766,0.047361
1767,0.047341
1768,0.047320
1769,0.047300
1770,0.047280
1771,0.047259
1772,0.047239
1773,0.047219
1774,0.047198
1775,0.047178
1776,0.047157
1777,0.047137
1778,0.047117
1779,0.047096
1780,0.047076
1781,0.047056
1782,0.047035
1783,0.047015
1784,0.046995
1785,0.046975
1786,0.046954
1787,0.046934
1788,0.046914
1789,0.046893
1790,0.046873
1791,0.046853
1792,0.046833
1793,0.046812
1794,0.046792
1795,0.046772
1796,0.046752
1797,0.046731
1798,0.046711
1799,0.046691
1800,0.046671
1801,0.046650
1802,0.046630
1803,0.046610
1804,0.046590
1805,0.046570
1806,0.046549
1807,0.046529
1808,0.046509
1809,0.046489
1810,0.046469
1811,0.046449
1812,0.046428
1813,0.046408
1814,0.046388
1815,0.046368
1816,0.046348
1817,0.046328
1818,0.046308
1819,0.046288
1820,0.046267
1821,0.046247
1822,0.046227
1823,0.046207
1824,0.046187
1825,0.046167
1826,0.046147
1827,0.046127
1828,0.046107
1829,0.046087
1830,0.046067
1831,0.046047
1832,0.046027
1833,0.046007
1834,0.045987
1835,0.045967
1836,0.045947
1837,0.045927
1838,0.045907
1839,0.045887
1840,0.045867
1841,0.045847
1842,0.045827
1843,0.045807
1844,0.045787
1845,0.045767
1846,0.045747
1847,0.045727
1848,0.045707
1849,0.045687
1850,0.045667
1851,0.045647
1852,0.045627
1853,0.045607
1854,0.045587
1855,0.045567
1856,0.045547
1857,0.045527
1858,0.045508
1859,0.045488
1860,0.045468
1861,0.045448
1862,0.045428
1863,0.045408
1864,0.045388
1865,0.045368
1866,0.045349
1867,0.045329
1868,0.045309
1869,0.045289
1870,0.045269
1871,0.045249
1872,0.045230
1873,0.045210
1874,0.045190
1875,0.045170
1876,0.045150
1877,0.045131
1878,0.045111
1879,0.045091
1880,0.045071
1881,0.045051
1882,0.045032
1883,0.045012
1884,0.044992
1885,0.044972
1886,0.044953
1887,0.044933
1888,0.044913
1889,0.044893
1890,0.044874
1891,0.044854
1892,0.044834
1893,0.044815
1894,0.044795
1895,0.044775
1896,0.044755
1897,0.044736
1898,0.044716
1899,0.044696
1900,0.044677
1901,0.044657
1902,0.044637
1903,0.044618
1904,0.044598
1905,0.044578
1906,0.044559
1907,0.044539
1908,0.044520
1909,0.044500
1910,0.044480
1911,0.044461
1912,0.044441
1913,0.044421
1914,0.044402
1915,0.044382
1916,0.044363
1917,0.044343
1918,0.044324
1919,0.044304
1920,0.044284
1921,0.044265
1922,0.044245
1923,0.044226
1924,0.044206
1925,0.044187
1926,0.044167
1927,0.044148
1928,0.044128
1929,0.044109
1930,0.044089
1931,0.044070
1932,0.044050
1933,0.044031
1934,0.044011
1935,0.043992
1936,0.043972
1937,0.043953
1938,0.043933
1939,0.043914
1940,0.043894
1941,0.043875
1942,0.043855
1943,0.043836
1944,0.043816
1945,0.043797
1946,0.043778
1947,0.043758
1948,0.043739
1949,0.043719
1950,0.043700
1951,0.043680
1952,0.043661
1953,0.043642
1954,0.043622
1955,0.043603
1956,0.043583
1957,0.043564
1958,0.043545
1959,0.043525
1960,0.043506
1961,0.043487
1962,0.043467
1963,0.043448
1964,0.043429
1965,0.043409
1966,0.043390
1967,0.043371
1968,0.043351
1969,0.043332
1970,0.043313
1971,0.043293
1972,0.043274
1973,0.043255
1974,0.043236
1975,0.043216
1976,0.043197
1977,0.043178
1978,0.043158
1979,0.043139
1980,0.043120
1981,0.043101
1982,0.043081
1983,0.043062
1984,0.043043
1985,0.043024
1986,0.043004
1987,0.042985
1988,0.042966
1989,0.042947
1990,0.042928
1991,0.042908
1992,0.042889
1993,0.042870
1994,0.042851
1995,0.042832
1996,0.042812
1997,0.042793
1998,0.042774
1999,0.042755
